aari1239,aiw
abar1238,mij
abau1245,aau
abid1235,abi
abip1241,axb
abis1238,ash
abkh1244,abk
abua1244,abn
abuj1237,mrr
abur1243,abu
acat1239,tpx
acha1249,acn
acha1250,aca
ache1245,acz
ache1246,guq
achi1257,ace
achu1247,acv
achu1248,acu
acol1236,ach
adam1253,fub
adan1247,ada
adan1251,adn
adio1239,adj
adny1235,adt
adyg1241,ady
adze1240,adz
afad1236,aal
afar1241,aar
afit1238,aft
afri1274,afr
aghe1239,agq
aghu1254,ggr
agua1253,agr
ahan1243,aha
ahan1244,ahn
aheu1239,thm
ahte1237,aht
aika1237,tba
ainu1240,ain
ajab1235,ajg
ajas1235,aja
ajyi1238,cpc
akan1250,aka
akas1242,aks
akaw1239,ake
akha1245,ahk
akla1241,akl
akoo1248,bss
akpe1248,ibe
akun1241,aqz
akur1238,ako
alab1237,akz
alab1254,alw
alam1246,amp
alaw1244,alh
aleu1260,ale
alla1248,ald
alng1239,aid
alut1245,alr
alya1239,aly
amah1246,amc
aman1265,amn
amar1271,amg
amar1274,amr
amas1236,nyi
ambe1247,ael
ambo1250,abs
ambu1247,abt
amdo1237,adx
amel1241,aey
amha1245,amh
amii1238,amy
amoo1242,amo
amun1246,adw
ande1247,adg
andi1255,ani
ando1255,anb
ando1256,ano
anei1239,aty
anfi1235,myo
anga1288,njm
anga1290,agm
angg1238,avm
ango1258,aoa
angu1242,NA
anii1245,blo
anin1240,aoi
anta1253,ant
anti1245,aig
anua1242,anu
anuf1239,cko
anyi1244,mtb
anyi1245,any
aona1235,njo
apal1257,apy
apat1240,apt
apia1248,api
apin1244,apn
apro1235,ahp
apuc1241,apq
apur1254,apu
arab1267,ard
arab1268,arl
arag1245,arg
aran1237,jbj
arao1248,aro
araw1273,awt
araw1276,arw
arbe1236,aae
arbo1245,arv
arch1244,aqc
argo1244,agj
arhu1242,arh
arik1265,ark
arin1244,luc
arit1239,dth
asha1243,cni
ashe1269,ahs
ashe1272,prq
assa1263,asm
astu1245,ast
atam1239,amz
atay1247,tay
atti1239,ati
auuu1241,avt
avac1239,avv
avar1256,ava
avat1244,avn
avik1243,avi
avok1242,avu
awab1243,awk
awac1239,kwi
awad1243,awa
awar1248,awx
awet1244,awe
awin1248,azo
awiy1238,auy
awng1244,awn
awtu1239,kmn
axiy1235,yix
ayab1239,ayd
ayac1239,quy
ayer1245,aye
ayer1246,axe
ayor1240,ayo
baan1242,bqx
baat1238,bba
baba1264,bbw
baba1266,bbk
bada1257,bfq
bade1248,bde
badi1246,bia
bady1239,pbp
bafa1247,bwt
bafa1249,bfj
bafi1243,ksf
bafu1246,bfd
baga1272,bsp
baga1273,bgo
bagi1246,bmi
baim1244,bqh
baka1272,bkc
baka1273,bqz
baka1274,bdh
baka1277,bkq
bakh1245,bqi
bako1249,bkh
bako1250,kme
bala1302,bjt
bali1278,ban
balt1258,bft
bamb1262,myf
bamb1265,bmo
bamb1269,bam
bame1260,bce
bamu1253,bax
bamu1256,bvm
bana1305,bcw
band1337,bjd
band1345,bfl
band1352,bza
band1353,bpq
bang1339,bjb
bang1356,bgj
bani1255,bwi
bank1256,abb
baou1238,bci
bara1380,bsn
barb1263,boi
bard1255,bcj
bare1276,bae
bare1279,bva
bari1286,bch
bari1297,mot
barr1247,bpt
baru1269,bjz
basa1284,bas
bash1264,bak
basq1248,eus
basq1250,eus
bass1260,bsi
bata1285,bnm
bata1289,bbc
bata1293,btx
bats1242,bbl
baur1253,brg
bayu1240,bxj
beem1239,beq
befa1241,bby
beja1238,bej
bekw1241,bkv
bela1255,bvi
bela1256,bxb
bela1260,beg
belh1239,byw
beli1260,bzj
bell1243,blc
bemb1257,bem
bena1262,bez
benc1235,bcq
beng1280,ben
beng1286,nhb
berb1259,brc
bero1242,bom
bert1248,wti
bese1243,udm
besi1244,mhe
besl1239,hna
bett1235,xub
bhel1238,bhy
bhil1251,bhb
bhoj1244,bho
biak1248,bhw
bial1238,beh
bibb1234,xbp
bidy1243,bym
bidy1244,bjg
biga1237,xbe
bike1242,biw
bila1255,bip
bili1250,nbj
bili1260,byn
bilo1248,bll
bilu1245,blb
bimo1239,bim
bina1277,bhg
binb1242,wmb
bini1246,bin
binu1245,bjr
biri1256,bzr
biss1248,bib
blan1242,blr
bodo1267,gbj
bodo1269,brx
boik1241,bzf
boko1266,bqc
bomi1238,zmx
bona1250,peh
bond1245,bfw
bong1285,bot
bora1263,boa
bora1271,gax
bord1248,kvn
boro1277,bwo
boro1282,bor
boun1243,nku
bouy1240,pcc
brah1256,brh
bret1244,bre
brib1243,bzd
brok1247,bkk
buam1238,box
bubi1249,bbx
budu1250,buu
bugi1244,bug
bujh1238,byh
bukh1238,bhh
buku1249,bxk
bula1255,NA
bulg1262,bul
buli1254,bwu
bulu1251,bum
bumb1241,aon
bumm1238,bmv
buna1275,bck
bund1253,bns
bung1264,xbg
buol1237,blf
bura1267,bvr
burd1238,bxn
burj1242,bji
buru1296,bsk
buru1301,bdi
busa1253,bqp
buwa1243,bhs
cabi1241,cbb
cacu1241,cbv
cadd1256,cad
caja1238,qvc
call1235,caw
came1252,mcu
camp1261,sro
cams1241,kbh
cand1248,cbu
cane1242,ram
capa1241,kaq
caqu1242,cot
cara1272,cbc
cari1279,cbd
carn1240,caq
cash1251,cbr
cash1254,cbs
cavi1250,cav
cayu1262,cyb
ceba1235,sef
cebu1242,ceb
cent1972,ckb
cent1973,pst
cent1989,khm
cent1990,ncb
cent2004,bca
cent2018,fuq
cent2050,knc
cent2087,bcl
cent2092,sml
cent2128,ess
cent2142,ayr
cent2144,maz
cent2150,tuf
cent2194,tzm
cerm1238,cme
chac1249,cbi
chac1250,quk
chac1251,cao
chah1248,sgw
cham1312,cha
cham1315,ceg
cham1318,ccc
chan1310,chx
chau1259,cdn
chay1248,cbt
chec1245,che
chee1238,ruk
chen1255,cde
chep1245,cdm
cher1271,cpn
cher1273,chr
chib1270,chb
chic1270,cic
chim1300,zoh
chim1301,cid
chim1302,qug
chim1309,cbg
chip1261,chp
chip1262,cap
chiq1248,cax
chiq1250,maq
chir1286,nhd
choc1276,cho
chok1243,nri
chol1282,ctu
chol1284,cht
chon1284,cog
chon1287,coh
chra1242,crw
chua1250,cjv
chua1256,cqd
chuk1273,ckt
chum1261,ncu
chuv1255,chv
coca1259,cod
coco1260,coa
coeu1236,crd
cofa1242,con
cogu1240,kog
cola1237,NA
colo1256,cof
coma1245,com
como1259,coo
copa1236,zoc
copi1238,cce
coro1247,qwa
croa1245,hrv
cros1244,mfn
crow1244,cro
cube1242,cub
cuib1242,cui
culi1244,cul
cupe1243,cup
curr1243,kpc
cusc1236,quz
cuvo1236,cuv
czec1258,ces
dadi1250,mps
dagb1246,dag
dagi1241,dec
daha1245,dal
dakp1242,dka
dalo1238,bev
dang1274,daa
dani1285,dan
dann1241,daf
darf1239,daj
dark1243,drh
darl1243,drl
darm1243,drd
daun1234,dgw
daur1238,dta
dawr1236,dwr
daww1239,kwa
daza1242,dzg
defa1248,afn
dege1246,deg
degg1238,mzw
deni1241,dny
deny1238,anv
dera1245,kbv
dera1248,kna
desa1247,des
dghw1239,dgh
dhal1245,dhl
dhal1246,dax
dhan1270,dhg
dhar1247,dhr
dhar1248,xgm
dhim1246,dhi
dhiv1236,div
dhud1236,NA
dhur1239,dhu
dhuw1249,duj
dibo1245,bvx
didi1258,did
dido1241,ddo
dier1241,dif
digo1242,oss
digo1243,dig
dime1235,dim
diml1238,diq
dink1262,din
dira1238,dit
diri1252,diu
dita1238,tbz
dizi1235,mdx
djab1234,tjw
djad1246,NA
djam1255,djd
djam1256,djr
djan1238,djf
djap1238,duj
djau1244,djn
djaw1238,djw
djee1236,djj
djeo1235,jbt
djin1251,jig
djin1252,djb
djin1253,dji
djiw1241,dze
dobu1241,dob
dolg1241,dlg
doma1258,rmt
domp1238,doy
dong1285,sce
doya1240,dow
dual1243,dua
dupa1235,duo
duru1236,pci
duru1249,dug
dutc1256,nld
duun1241,wkw
dyaa1242,dyy
dyab1238,dyb
dyan1250,dyn
dyir1250,dbl
dyug1238,dyd
dyul1238,dyu
dzal1238,dzl
dzon1239,dzo
dzuu1241,dnn
east1436,nep
east2282,ltg
east2295,ydd
east2304,bgp
east2328,mhr
east2337,yuy
east2347,taj
east2379,aer
east2380,amx
east2398,xrb
east2426,emk
east2440,mky
east2516,kjs
east2542,ojg
east2555,gui
east2563,cjm
east2652,hae
east2773,NA
ebir1243,igb
efik1245,efi
efut1241,afu
egaa1242,ega
eggo1239,ego
egyp1253,arz
ejag1239,etu
ekar1243,ekg
ekpe1253,ekp
elfd1234,ovd
elip1238,ekm
eloy1241,afo
emai1241,ema
embe1259,bdc
embe1260,cto
embe1262,cmi
emer1243,eme
enap1235,pbh
enaw1238,unk
endo1242,enb
enge1239,enn
epen1239,sja
erre1238,err
ersu1241,ers
erzy1239,myv
esee1248,ese
esim1238,ags
esto1258,ekk
eten1239,etx
eton1253,eto
even1259,evn
even1260,eve
ewee1241,ewe
ewon1239,ewo
eyak1241,eya
ezaa1238,eza
ezha1238,sgw
faiw1243,fai
fali1285,fli
fang1246,fan
fang1248,fak
faro1244,fao
fasu1242,faa
fefe1239,fmp
fern1234,fpe
fiji1243,fij
fili1244,fil
finn1318,fin
fipa1238,fip
fonn1241,fon
food1238,fod
fore1265,enf
fore1274,NA
fraf1238,gur
friu1240,fur
fuli1240,flr
fuln1247,fun
furr1244,fvr
furu1242,fuu
fwai1237,fwa
fwee1238,fwe
gaaa1244,gaa
gaaa1245,ttb
gaam1241,tbi
gabi1248,gbw
gade1236,gda
gads1258,gaj
gaga1249,gag
gaga1251,gbu
gagn1235,btg
gagu1242,ggu
gali1258,glg
gali1262,car
galo1242,adl
gamb1251,gma
gami1243,kld
gamo1243,gmv
gana1268,ihw
gana1278,unn
gand1255,lug
gang1267,gcd
gang1268,gnl
gara1269,wrk
gari1254,ilg
garo1247,grt
gata1239,gaq
gava1241,gou
gavi1246,gvo
gayo1244,gay
gbag1258,gbr
gbar1246,gby
gbay1281,gmm
gbay1287,gbp
gbay1288,krs
gbes1238,gbs
genn1243,gej
gheg1238,aln
ghod1238,gdo
ghom1247,bbj
gida1240,gih
gida1247,gid
giky1238,acd
gily1242,niv
giny1241,ayg
giry1241,nyf
glav1244,glw
godi1239,god
goli1247,gvf
gonj1241,gjn
goon1238,gni
gore1235,xgg
gour1243,gux
gras1249,kbk
guah1255,guh
guaj1255,gub
guaj1256,gvj
guam1248,gum
guan1269,gvc
guan1270,gqn
guar1292,gyr
guar1293,gae
guat1253,gta
guay1257,guo
guda1243,wmb
gude1246,gde
gudj1237,NA
guer1243,amu
guga1239,ggd
gugu1253,gdc
gugu1254,kkp
gugu1255,kky
guin1254,gkp
guja1252,guj
guja1253,gju
guma1252,gup
guma1253,gnn
gume1239,sgw
gumu1244,guk
gund1246,gup
gund1248,xrd
gune1238,gup
gung1248,gyf
gunw1252,gup
guny1241,gyy
gupa1247,guf
gura1252,gge
gurd1238,gdj
gure1255,gnr
guri1247,gue
guro1248,goa
guru1261,gvr
guwa1242,xgw
guwa1243,gwu
guwa1244,NA
gwan1268,gwn
gwen1239,gwe
hadi1240,hdy
hadz1240,hts
hain1253,bzx
haio1238,hgm
haka1240,cnh
hakk1236,hak
halb1244,hlb
halh1238,khk
halk1245,hur
hame1242,amf
hang1258,hag
hang1260,han
hang1263,wos
hara1271,har
haus1257,hau
hawa1245,haw
hawk1239,xda
haya1250,hay
hdii1240,xed
hebr1245,heb
heib1243,hbn
hela1238,scp
here1253,her
hili1240,hil
hind1269,hin
hixk1239,hix
hmon1264,hnj
hoav1238,hoa
holo1240,hoo
hooo1248,hoc
hopi1249,hop
huaa1248,nmn
hual1241,qub
huam1247,hub
huam1248,qvh
huar1255,var
huas1242,hus
huay1240,qwh
huba1236,hbb
hueh1236,tee
huic1243,hch
huml1238,hut
hung1274,hun
hung1278,hum
hunz1247,huz
hupa1239,hup
hupd1244,jup
huro1249,wya
iaai1238,iai
iban1261,iby
iban1264,iba
ibib1240,ibb
icel1247,isl
idaa1241,dbj
idom1241,idu
ifee1241,ife
iged1239,ige
igna1246,ign
igoo1238,ahl
ikal1242,kck
ikar1243,ikr
ikkk1242,ikx
ikpe1245,txi
ikwe1242,ikw
ikwo1238,iqw
ilga1238,ilg
ilok1237,ilo
imba1240,qvi
imon1245,imn
inap1243,inp
indo1316,ind
indo1317,bdl
inga1252,inb
ingu1240,inh
inor1238,ior
iqui1243,iqu
iran1263,irn
iraq1241,irk
irar1238,irh
irig1241,iri
iris1253,gle
irul1243,iru
iseb1246,igo
ishk1246,isk
isla1278,crb
isok1239,iso
isth1244,zai
ital1282,ita
itel1242,itl
iton1250,ito
iumi1238,ium
ivat1242,ivv
iwai1244,ibd
iwam1256,iwm
iyiv1238,uiv
iyow1239,crq
izer1241,izr
izii1239,izz
izon1238,ijc
jahh1242,jah
jama1261,jaa
jama1262,jam
jams1239,djm
jand1248,jan
japh1234,jya
japr1238,jru
jaqa1244,jqr
jaru1254,ddj
jauj1238,qxw
jaun1243,jns
java1254,jav
jebe1250,jeb
jeme1245,tow
jenn1240,xuj
jere1244,jer
jerr1238,nrf
jiar1240,jya
jica1244,apj
jita1239,jit
jola1262,csk
jola1263,dyo
jowu1238,jow
juan1238,jun
jude1256,jdt
juho1239,ktz
juma1249,jua
jumj1238,jum
jung1240,inj
jurm1239,bex
juru1256,jur
kaba1278,kbd
kabi1260,gbw
kabi1261,kbp
kabu1256,kea
kaby1243,kab
kach1280,kac
kadi1248,kbc
kafa1242,kbr
kagf1238,gel
kagu1239,kki
kahe1238,hka
kain1272,kgp
kaiw1246,kgk
kaka1265,kke
kako1242,kkj
kala1377,mwp
kala1378,mwp
kala1379,kba
kala1380,gll
kala1381,ijn
kala1399,kal
kala1401,lkm
kali1299,khl
kalk1246,ktg
kalm1243,xal
kama1351,xas
kama1365,woi
kama1367,kms
kama1373,kay
kamb1297,kam
kamb1298,nyf
kamb1299,xbr
kamb1316,ktb
kamw1239,hig
kang1280,xnr
kang1281,kxs
kang1288,kcp
kani1276,nys
kano1245,kxo
kara1462,kim
kara1464,kdr
kara1467,kaa
kara1474,kpt
kara1476,gbd
kara1478,kzr
kara1483,kdj
kara1500,kpj
kara1508,nmv
karb1241,mjw
kare1335,krl
kare1338,kbn
kari1255,kzw
kari1301,kmv
kari1304,vka
kari1311,ktn
karo1304,kyh
karo1306,arr
kart1247,mpj
kase1253,xsm
kash1277,kas
katc1249,xtc
katc1250,xtc
kaum1238,nyf
kaur1267,zku
kawa1283,xaw
kawa1290,NA
kaxa1239,ktx
kaxu1237,kbb
kaya1319,gyd
kaya1329,kyz
kaya1330,txu
kayt1238,gbb
keda1250,kxd
keig1242,kec
kekc1242,kek
kela1255,kcl
kele1255,khy
keli1248,kbo
keme1240,dmo
kens1251,ndb
keny1279,ken
keoo1238,xxk
kera1255,ker
kera1256,NA
kete1252,kcv
kett1243,ket
kgal1244,xkv
khak1248,kjh
khal1271,tks
kham1282,khg
khan1273,kca
khar1287,khr
khas1269,kha
khez1235,nkh
khit1238,nab
khmu1256,kjg
kich1262,quc
kiku1240,kik
kild1236,sjd
kima1244,kqr
kima1246,kig
kinn1249,kfk
kiny1244,kin
kiow1266,kio
kips1239,sgc
kirg1245,kir
kiri1254,okr
kisa1263,lks
kist1241,gru
kita1249,mwk
kitj1240,gia
kitu1245,mkw
kitu1246,ktu
klam1254,kla
klao1243,klu
koal1240,kib
koas1236,cku
koda1255,kfa
kofy1242,kwl
koho1244,kpm
kohu1244,bcs
koka1244,ktd
kokb1239,trp
kokn1236,gko
koko1269,kkk
komc1235,bkm
komi1268,kpv
komi1269,koi
komi1277,kom
komo1258,xom
komo1260,kmw
kond1295,kfc
kond1303,knd
konk1267,knn
konk1269,xon
konn1242,kma
koon1245,ozm
koor1239,kqy
kora1295,kpr
kore1280,kor
kore1283,coe
kork1243,kfq
korr1238,kfd
koru1247,xor
kory1246,kpy
kosh1246,kid
kota1263,kfe
kota1272,kqk
koya1251,kff
koya1253,kga
koyr1240,khq
koyr1242,ses
kpan1246,kpk
krac1238,kye
krah1246,xra
kren1239,kqq
krik1239,xri
krim1238,krm
krio1253,kri
kris1246,ksi
kron1241,kgo
kuan1247,kua
kuay1244,kdt
kuii1252,kxu
kuik1246,kui
kuka1246,kux
kuku1273,gvn
kulu1253,kle
kuma1273,kfy
kumb1268,kgs
kumi1248,dih
kumy1244,kum
kumz1235,zum
kuna1268,kun
kung1258,kgl
kung1259,ggk
kung1261,knw
kuni1267,kup
kuni1268,xug
kunj1245,kjn
kuny1238,njx
kunz1244,kuz
kuoo1238,xuo
kuot1243,kto
kupa1239,mkn
kups1238,kpz
kura1250,knk
kuri1259,kuj
kurr1243,vku
kurt1248,xkz
kuru1302,kru
kuru1309,kyr
kusa1250,kus
kusu1250,kgg
kute1248,kub
kuth1240,xut
kuuk1238,kuy
kuun1236,lku
kuvi1243,kxv
kuwa1246,cwt
kwai1243,kwd
kwak1269,kwk
kwam1249,kmq
kwam1250,ktf
kwam1251,kwm
kwan1273,kwn
kwan1276,knp
kway1241,kya
kwaz1243,xwa
kwes1244,kws
kwin1241,gww
kwom1262,kmo
kyen1242,tye
kyer1238,kgy
lada1244,lbj
ladi1251,lad
ladj1234,llj
lagw1237,kot
lahu1253,lhu
lake1258,lmw
lakk1238,lbc
lakk1252,lbe
lako1244,dic
lako1247,lkt
lama1275,las
lama1288,hia
lamb1269,lmn
lamb1276,quf
lamn1239,lns
lamu1254,lby
lang1320,lag
lang1322,lno
lang1324,laj
laoo1244,lao
lara1258,lrg
lara1260,lrt
lard1243,lbz
latu1238,ltn
lave1249,brb
lavu1241,lvk
lazz1240,lzz
leal1235,cle
leco1242,lec
lega1249,lea
legb1242,agb
lele1264,lef
lele1266,llc
lele1276,lln
lena1238,tnl
lend1245,led
leng1258,lej
leni1238,lnj
lepc1244,lep
lese1243,les
leti1246,lti
lezg1247,lez
libe1240,lir
libe1247,xpe
liby1240,ayl
ligb1244,lig
ligu1248,lij
liji1238,mgi
lika1243,lik
limb1268,lmp
ling1263,lin
lish1246,trg
lisu1250,lis
lith1251,lit
livv1244,liv
lizu1234,NA
logb1245,lgq
logo1259,log
loko1255,lok
loma1260,lom
long1387,wok
loni1238,los
loth1237,njh
lowa1242,loy
lowe1385,dsb
lowe1402,NA
lowe1415,dni
lowe1436,axl
loxi1235,ztp
luch1239,lch
lugb1240,lgg
luis1253,lui
lukp1238,dop
lumu1239,lmd
lund1266,lun
luok1236,luo
lush1249,lus
lush1252,lut
lusi1240,khl
luth1234,NA
luuu1242,khb
luva1239,lue
luwo1239,lwo
luxe1241,ltz
luya1241,lyn
lyel1241,lee
maas1239,ffm
maay1238,ymm
maba1273,mfz
maba1277,mde
maca1259,mbn
maca1260,mca
mace1250,mkd
mach1266,jmc
mach1267,mcb
mach1268,mpd
macu1259,mbc
macu1260,myy
mada1282,mda
mada1293,mxu
madh1244,dmd
madi1260,mhi
madi1261,grg
madn1237,zml
mafe1237,mkv
maga1260,mag
maib1239,ayz
mait1250,mai
maka1304,mcp
maka1311,mak
mako1251,kde
maku1278,mpu
mala1464,mal
mala1481,xmm
mala1522,mbp
malg1242,vml
mall1246,mlf
maln1239,gue
malo1243,mla
malt1254,mlt
maly1234,yga
mama1271,myk
mama1278,wmd
mamb1294,mcs
mamb1296,mgr
mamm1241,mam
mamp1244,maw
mana1288,nmm
mana1295,mva
manc1252,mnc
mand1415,cmn
mand1436,mnk
mang1381,mpc
mang1382,zme
mang1383,mem
mang1394,mdj
mani1292,mni
mann1248,mev
mans1258,mns
many1256,mpj
many1261,mzj
maon1238,nbi
maor1246,mri
mapo1246,mcg
mapu1245,arn
maqu1238,mch
mara1378,mar
mara1385,mec
mara1386,zmr
mara1404,mrw
marg1251,mhg
marg1253,zmc
marg1265,mrt
mari1417,zmm
mari1419,zmt
mari1424,mfr
mart1254,zmg
mart1255,vma
marw1260,rwr
masa1299,myx
masa1300,mas
matb1237,xmt
mati1255,mpq
mato1253,axg
mats1244,mcf
matu1259,mgw
maun1240,mph
mawa1270,mcw
maxa1247,mbl
maya1280,xmy
mayi1235,xyj
mayi1236,xyk
mayo1261,mdm
maza1291,mzn
mbaa1245,mfc
mbab1239,vmb
mbal1255,lnb
mbar1253,zmv
mbar1254,mvl
mbay1241,myb
mbee1249,mfo
mbee1250,mtk
mbiy1238,NA
mboc1235,mbo
mbuk1240,mhw
mbuk1243,mqb
mbum1254,mdd
mbuu1238,muc
mbya1239,gun
medu1238,byv
meen1242,mym
mehi1240,mmh
mehr1241,gdq
mend1266,men
mere1246,meq
merg1238,tvn
meru1245,mer
mesc1238,apm
mesq1240,mvz
meta1238,mgo
mewa1250,wtm
mezq1235,ote
mfum1238,nfu
mian1257,mpt
mich1243,crg
mich1245,ncl
miju1243,mxj
mina1268,min
mind1253,cdo
ming1252,xmf
mini1256,hto
minj1242,xjb
mink1237,NA
minn1241,nan
miny1240,mrg
mira1251,mwl
mira1254,boa
miri1266,mep
mith1236,NA
miya1259,mvi
mmaa1238,mmu
mman1238,buy
mmen1238,bfm
moch1256,old
moch1259,omc
moco1246,moc
mode1248,ell
mofu1248,mif
mogh1245,mhj
mogh1246,mgo
moke1242,mwt
mokl1243,mkm
mokp1239,bri
moks1248,mdf
mola1238,mbe
molo1266,mlw
mong1331,mon
mong1338,lol
mono1269,mru
mono1270,mnh
morb1239,moq
mori1268,xmz
mori1278,mfe
moro1284,mgc
moro1285,mor
moro1292,ary
moru1253,mgd
mose1249,cas
moss1236,mos
motl1237,mlv
movi1243,mzp
moyo1238,nmo
mpad1242,mpi
mpal1238,xpj
mpar1238,aer
mpon1254,mgg
mudb1240,mwd
mudh1235,gau
mufi1238,aoj
muin1242,bmr
mull1237,mpb
mulu1243,vmu
muna1247,mnb
mund1320,unr
mund1325,mua
mund1326,muh
mund1327,mnf
mund1328,boe
mund1330,myu
mung1266,mhk
muni1258,myr
munj1244,mnj
mura1269,gup
murl1244,mur
murr1258,mwf
murr1259,mwf
muru1266,zmu
muru1274,huu
muya1243,muy
mvum1238,nmg
mwag1236,sur
mwal1237,wlc
mwan1247,wmw
mwan1250,moa
myen1241,mye
naas1242,nas
nade1244,mbj
nafa1258,nfr
naga1394,nag
naia1238,gup
naik1250,nit
najd1235,ars
naka1260,nck
naki1238,mff
nama1264,naq
nama1265,naq
nami1256,nnm
NA,NA
nana1257,gld
nand1266,niq
nang1259,nam
nank1250,nnk
nant1250,cox
napo1242,qvo
nara1262,nrb
nari1240,loh
nari1241,rnr
narp1239,npa
narr1259,nay
naru1238,nnr
nate1242,ntm
natu1246,ntu
nauk1242,ynk
nava1243,nav
nawd1238,nmz
nawu1242,naw
naxi1245,nxq
ncan1245,ncr
ndai1238,gke
ndal1241,ndh
ndam1239,ndj
ndem1249,nml
ndog1248,ndz
ndon1254,ndo
ndra1239,dgt
ndut1239,ndv
ndzw1235,wni
nene1249,yrk
nepa1253,kxl
nepa1254,npi
newa1246,new
nezp1238,nez
ngaa1240,ntj
ngad1258,nju
ngad1261,nxg
ngal1292,ngk
ngal1293,nig
ngal1294,djd
ngam1268,sba
ngam1284,nmv
ngan1291,nio
ngan1295,nid
ngan1296,nyx
ngan1299,gng
ngan1300,nne
ngar1235,nbj
ngar1283,nji
ngar1284,ung
ngar1286,nlr
ngar1287,nrl
ngar1288,rxd
ngar1296,nrk
ngar1297,xni
ngas1238,nsg
ngas1240,anc
ngaw1240,nxn
ngaz1238,zdj
ngba1285,nga
ngem1255,nge
ngie1241,nnh
ngin1247,NA
ngit1239,niy
ngiz1242,ngi
ngko1236,NA
ngom1271,nla
ngom1272,jgo
ngos1238,nsh
ngum1253,NA
ngwe1238,nwe
nhan1238,nha
nhen1239,yrl
nhir1234,hrp
nhuw1239,nhf
nias1242,nia
niel1243,nie
nige1253,fuv
nige1255,mzk
nige1257,pcm
nija1241,xny
nima1245,nmp
nina1238,shb
ning1273,niz
nisg1240,ncg
niva1238,cag
njeb1242,nzb
njye1238,njy
nkon1248,nko
nobi1240,fia
noma1260,lem
noma1263,not
nonu1241,noj
noon1243,nhu
nort1550,twf
nort2626,frr
nort2627,nds
nort2641,kmr
nort2646,pbu
nort2647,pbu
nort2671,sme
nort2684,kxm
nort2686,atv
nort2690,uzn
nort2697,azj
nort2699,kfb
nort2722,cng
nort2735,doc
nort2740,nod
nort2741,tts
nort2745,ykg
nort2765,kqs
nort2774,ngb
nort2775,gya
nort2780,dgi
nort2784,nuv
nort2787,tsp
nort2795,nde
nort2810,gbo
nort2815,dip
nort2819,bbo
nort2828,max
nort2845,mrq
nort2938,hdn
nort2943,esi
nort2952,nmu
nort2954,pao
nort2957,ncj
nort2966,pej
nort2972,emp
nort2976,qul
nort2979,qxn
nort2980,qvn
nort2984,pmq
nort3047,gis
norw1258,nor
norw1259,nob
ntch1242,bud
ntom1248,nto
nubi1253,kcn
nucl1235,hye
nucl1240,mzm
nucl1290,wbm
nucl1301,tur
nucl1302,kat
nucl1305,kan
nucl1310,mya
nucl1327,lmc
nucl1339,teq
nucl1347,wol
nucl1417,ibo
nucl1418,bsq
nucl1440,mls
nucl1454,yva
nucl1460,mad
nucl1620,wgi
nucl1632,set
nucl1633,nir
nucl1634,skv
nucl1643,jpn
nucl1649,tsi
nucl1668,kav
nucl1683,dbq
nucl1695,bol
nucl1696,tan
nucl1729,NA
nuer1246,nus
nugu1241,nnv
nugu1242,yas
nuka1242,mbr
nuku1263,nuc
nung1283,nut
nung1290,nuy
nung1291,nug
nupe1254,nup
nuuc1236,nuk
nyab1255,nwb
nyah1250,cbn
nyam1271,nly
nyam1276,nym
nyam1277,now
nyam1285,nmi
nyan1301,nna
nyan1307,nyn
nyan1313,nyp
nyaw1245,nyw
nyaw1247,nyt
nyeu1238,nyl
nyig1240,nyh
nyis1236,njz
nyol1238,nuj
nyon1241,muo
nyul1247,nyv
nyun1247,nys
nzim1238,nzi
obol1243,ann
ocai1244,oca
occi1239,oci
ofay1240,opy
ogbi1239,ogb
okoo1245,oks
okuu1243,oku
olub1238,lul
olut1240,plo
omag1248,omg
onaa1245,ona
onei1249,one
onge1236,oon
opuu1239,lgn
orej1242,ore
oriy1255,ory
orma1241,orc
ormu1247,oru
orok1266,bdu
orok1269,okv
orow1243,orw
osse1243,oss
otor1240,otr
otuh1238,lot
oyka1239,kjn
paca1246,pcp
paco1243,pac
paez1247,pbb
pagi1243,pae
pait1244,pck
pait1247,pta
paiw1248,pwn
paka1251,pkn
pala1344,pau
pali1279,plu
pall1243,NA
palo1243,fap
pamp1243,pam
pana1294,pnz
pana1305,par
pana1307,kre
pang1287,pbr
pang1290,pag
panj1256,pan
pano1254,knt
pano1255,pno
pany1241,pnw
paok1235,blk
papa1238,top
para1301,prk
para1310,aap
para1311,gug
para1312,pak
para1315,gvp
para1316,pbg
pare1266,pcj
pare1272,pab
park1239,pbi
pate1247,ptp
patt1248,lae
paum1247,pad
pech1241,pay
pemo1245,pev
pemo1248,aoc
peng1244,peg
pero1241,pip
peta1245,pex
peve1243,lme
phai1238,prt
phal1254,phl
phut1244,pht
piap1246,pio
piar1243,pid
pich1237,cpu
pila1245,plg
pinj1244,pnj
pint1250,piu
piny1238,pny
pira1253,myp
pira1254,pir
pirl1238,bxi
pirr1240,xpa
pisa1245,NA
pite1240,sje
pitj1243,pjt
pitt1247,pit
plat1254,plt
plau1238,pdt
pnar1238,pbv
pohn1238,pon
poko1263,pko
poli1260,pol
popt1235,jac
port1283,por
pott1240,gdb
poya1241,pyn
prin1242,pre
pudi1238,mpj
puel1244,pue
puin1248,pui
pula1262,fuf
pula1263,fuc
pume1238,yae
punt1240,xpt
puoc1238,puo
pure1242,tsz
puri1258,prx
puri1262,prr
puxi1242,jih
pwon1235,pww
qaqe1238,byx
qaua1234,gqu
qawa1238,alc
qima1242,ahg
quec1382,yum
quil1240,qui
quio1240,chq
rajb1243,rjs
rama1270,rma
ravu1237,yea
rawa1265,raw
reel1238,atu
remb1249,rmb
rend1243,rel
resi1247,rgr
reun1238,rcf
reye1240,rey
rikb1245,rkb
rita1239,rit
roma1326,roh
roma1327,ron
rong1268,rng
roto1249,roo
ruka1240,dru
rund1242,run
russ1263,rus
russ1264,bxr
rusy1239,rue
rutu1240,rut
saam1283,lsm
saan1246,str
saba1262,spy
saba1265,snv
saba1268,sae
saek1240,skb
saki1248,skf
sala1264,slr
sala1272,qxl
sali1298,slc
samb1305,ndi
samo1303,smq
samr1245,sxm
sand1273,sad
sang1328,sag
sanj1284,zab
sanm1287,huv
sanm1289,qvs
sanm1295,mig
sanm1298,trq
sans1269,san
sant1410,sat
sant1432,qus
sanu1240,xsu
saop1235,zkp
saot1239,cri
sasa1249,sas
sata1237,stw
sate1243,mav
saur1248,saz
saur1249,mjt
sava1244,svr
savo1255,svs
saxw1241,sxw
saya1246,say
sayu1241,pos
scot1243,sco
scot1245,gla
seba1251,sgw
seco1241,sey
seda1262,sed
seim1238,ssg
sekp1241,lip
sela1259,slu
sele1249,snw
sele1250,spl
selk1253,sel
seme1247,sza
sena1262,seq
sene1264,see
sera1259,skr
serb1264,srp
sere1260,srr
seri1257,sei
serr1255,ser
sgaw1245,ksw
shab1252,sbf
shal1242,sha
shan1277,shn
shan1282,sho
shar1245,mcd
shas1239,sht
shaw1249,sjw
sheh1240,shv
sher1255,xsr
sher1258,bun
shil1265,shk
shin1264,scl
ship1255,shp
shix1238,sxg
shon1251,sna
shua1257,jiv
shum1243,scu
shus1248,shs
shwa1239,shw
siam1242,sif
sian1254,sya
siar1238,sjr
sich1238,iii
sida1246,sid
sikk1242,sip
siks1238,bla
silt1240,stv
sind1272,snd
sinh1246,sin
sion1247,snn
sipa1247,qum
siri1273,srq
siri1274,sri
siss1242,sld
siss1243,sso
siwi1239,siz
siwu1238,akp
skol1241,sms
slov1268,slv
slov1269,slk
soch1239,cso
sodd1242,gru
soma1255,som
soni1259,snk
sooo1256,teu
soqo1240,sqt
sora1254,srb
sout2436,pbt
sout2642,bcc
sout2672,psi
sout2674,sma
sout2679,vro
sout2697,azb
sout2729,pmj
sout2746,sou
sout2750,yux
sout2770,NA
sout2771,xtv
sout2774,ijs
sout2789,dga
sout2790,biv
sout2795,nnw
sout2828,snm
sout2832,dik
sout2833,dib
sout2840,bwq
sout2844,sbd
sout2856,erk
sout2895,nxl
sout2918,ssb
sout2949,kjd
sout2961,tix
sout2982,pom
sout2985,skd
sout2991,quh
sout2994,nab
spit1240,spt
spok1245,spo
squa1248,squ
stan1288,spa
stan1289,cat
stan1290,fra
stan1293,eng
stan1295,deu
stan1306,zsm
stan1318,arb
stan1325,lvs
stod1241,sbu
stra1244,str
suba1252,ssc
subi1246,sbs
suda1236,apd
suen1241,sue
suga1248,sgi
suii1243,swi
suku1261,suk
sumb1240,suw
sumi1235,nsm
sund1252,sun
suri1267,suq
surs1246,sgz
suru1262,sru
suru1263,swx
susu1250,sus
suya1243,suy
svan1243,sva
swah1253,swh
swed1254,swe
swis1247,gsw
sydn1236,xdk
taba1266,chf
taca1256,tna
tach1250,shi
tada1238,dsq
taga1270,tgl
tagw1240,tgw
taha1241,thv
taid1248,tyj
taid1249,tyr
tain1252,tdd
taji1245,tgk
talo1250,tlo
tama1331,tma
tama1365,taq
tami1289,tam
tamn1235,tml
tamp1252,tpm
tana1290,tcb
tang1336,nmf
tani1257,tnc
tapi1253,tpj
tapi1254,taf
tari1256,tae
tari1263,rif
taro1263,yer
taro1264,trv
tase1235,nst
tata1255,tat
tata1257,txx
tatu1247,tav
taus1251,tsg
taus1253,trr
tawa1286,ttq
teda1241,tuq
tedi1235,ctd
teee1242,tkq
teen1242,lor
tehu1242,teh
teke1280,kkw
tele1256,tlf
telu1262,tel
temb1276,tqb
temi1246,tea
temm1241,kdh
tena1240,quw
teng1272,tes
tenh1241,pah
tepo1239,ted
tera1251,ttr
tere1279,ter
tern1247,tft
ters1235,sjt
tese1238,keg
tetu1245,tet
tewa1260,tew
texi1237,poq
thad1238,tcz
thai1261,tha
thak1245,ths
thay1248,typ
thay1249,thd
thii1234,iin
thul1246,tdh
thur1254,tbh
tiag1235,ahi
tibe1272,bod
ticu1245,tca
tiey1235,boz
tiga1245,tgc
tigo1236,nza
tigr1270,tig
tigr1271,tir
tika1246,tik
tilq1235,zts
timn1235,tem
tini1245,tit
tinp1237,tpz
tira1254,tic
tiru1241,tiy
tivv1240,tiv
tiwi1244,tiw
tlac1235,tpt
tlin1245,tli
toar1246,tqo
toba1269,tob
toca1235,asu
toch1257,taz
toda1252,tcx
tofi1235,tfi
toho1245,ood
tokp1240,tpi
toll1241,jic
tolo1259,tol
tong1318,toi
tong1325,ton
tonk1249,tqw
topo1242,toq
toro1252,dts
torw1241,trw
tosk1239,als
tote1238,ttl
toto1305,mto
tour1242,neb
trin1274,trn
trio1238,tri
trum1247,tpy
tsam1247,tsb
tsha1245,tsj
tsot1241,lto
tsou1248,tsu
tsuv1239,tvd
tuca1252,tuo
tuka1248,khc
tuki1240,bag
tuli1249,tey
tulu1258,tcy
tumt1243,tbr
tune1261,tvu
tuni1251,tug
tuni1252,tun
tupa1250,tpr
tupi1273,tpn
tupu1244,tui
turk1304,tuk
tuuu1240,mjg
tuvi1240,tyv
tuyu1244,tue
twee1234,xjb
tyan1235,NA
tzel1254,tzh
tzot1259,tzo
tzut1248,tzj
ucay1237,cpb
udih1248,ude
udmu1245,udm
uduk1239,udu
uigh1240,uig
ukra1253,ukr
ulku1238,kjn
ulwa1239,ulw
umbu1235,umr
umbu1256,umg
umbu1257,umb
umii1236,xud
umot1240,umo
umpi1239,ump
unam1242,unm
ungg1243,xgu
uppe1395,hsb
uppe1400,sxu
uppe1439,cjh
uppe1455,pov
ural1274,url
urar1246,ura
urdu1245,urd
urii1240,uvh
urni1239,urc
urub1250,urb
urue1240,urz
uruu1244,ure
usan1239,wnu
usar1243,usa
utes1238,ute
vaag1238,vaa
vach1239,NA
vagl1239,vag
vaii1241,vai
vame1236,mlr
vani1248,vam
varl1238,vav
veng1238,bav
veps1250,vep
viet1252,vie
vile1241,vil
vlax1238,rmy
voti1245,vot
vute1244,vut
waal1238,bdy
waam1244,wwa
wadi1260,xwd
wadi1261,wdk
wadj1254,wdj
waga1260,wga
wage1238,waq
waim1251,rro
waim1253,atr
waim1255,bao
waiw1244,waw
waja1257,wbv
waju1234,xwj
waka1274,wkw
wakh1245,wbl
wala1263,NA
walm1241,wmt
walu1241,ola
wamb1258,wmb
wamb1259,wms
wame1240,cou
wami1239,wmi
wand1263,wnd
wand1278,mfi
wane1241,wne
wang1288,mpj
wang1289,wnm
wang1290,wgg
wang1291,wyb
wanm1242,wbt
wann1242,wan
want1252,wnc
wany1244,gue
wany1247,wny
waor1240,auc
wapi1253,wap
wapp1239,wao
wara1290,wrz
wara1303,wba
ward1246,wrr
ward1248,wxw
wari1262,wri
wari1266,wrs
wari1268,pav
warl1254,wbp
warl1255,wrl
warl1256,wrb
warr1255,wgy
warr1257,NA
warr1258,wwr
waru1264,wrg
waru1265,wrm
wash1253,was
wath1238,wth
waur1244,wau
wawa1246,www
waya1269,way
waya1270,oym
wayi1238,wyb
wayu1241,vay
wayu1243,guc
wehh1238,weh
wels1247,cym
wemb1241,xww
weno1238,wob
werg1234,weg
west2354,fry
west2368,bgn
west2369,pes
west2392,mrj
west2397,brv
west2408,mut
west2437,wbp
west2441,are
west2442,amx
west2443,NA
west2450,lia
west2454,fuh
west2456,xwl
west2458,bbp
west2466,kza
west2500,mlq
west2560,bdr
west2600,mqs
west2632,kjq
west2644,ctp
west2650,cja
wich1260,wic
wich1262,mtp
wikm1247,wim
wikn1245,wig
wikn1246,wua
wint1259,wit
wira1260,wiw
wira1262,wrh
wirr1237,kld
wiyo1248,wiy
woge1237,woc
woiw1237,wyi
wola1242,wal
wong1246,xwk
wong1247,won
wori1245,kda
worr1237,wro
wotj1234,xwt
woun1238,noa
wuch1236,wuu
wulg1239,qgu
wuli1242,wlu
wuna1249,wub
wurr1238,wur
wuzl1236,udl
wymy1235,wym
xamt1239,xan
xava1240,xav
xere1240,xer
xeta1241,xet
xhos1239,xho
xing1248,asn
xipa1240,xiy
xiri1243,xir
xokl1240,xok
xwel1235,xwe
yaba1248,yar
yadh1237,NA
yaga1260,ygr
yaga1262,yxg
yagn1238,yai
yagu1244,yad
yaku1245,sah
yala1262,ylr
yala1263,yba
yalu1240,yal
yama1264,yag
yamb1251,yam
yamb1252,yat
yame1242,yme
yami1256,yaa
yana1271,ynn
yand1251,yda
yand1253,ynd
yane1238,ame
yang1288,jng
yank1247,kdd
yann1237,jay
yano1261,guu
yano1262,wca
yans1239,yns
yany1243,jao
yaoo1241,yao
yaou1238,yre
yape1248,yap
yaqu1251,yaq
yard1234,yxl
yare1248,yrb
yari1243,NA
yavi1244,yvt
yawa1258,yww
yawa1260,ywn
yawa1261,yaw
yawi1239,jbw
yawu1244,ywr
yayg1236,xya
yekh1238,ets
yemb1246,ybb
yems1235,jnj
yeru1240,yeu
yess1239,yss
yeyi1239,yey
yidi1250,yii
yill1241,yll
yind1247,yij
yine1238,pib
ying1247,yia
yinw1236,NA
yiry1245,yiy
yith1234,xth
yomm1242,pil
yong1270,nru
yora1241,mts
yort1237,xyy
yoru1245,yor
yuca1254,yua
yuch1247,yuc
yucu1253,ycn
yuec1235,yue
yuga1244,yub
yugu1249,xjb
yuhu1238,yab
yuki1243,yuk
yukp1241,yup
yulp1239,NA
yulu1243,yul
yuqu1240,yuq
yura1255,yuz
yuro1248,yur
yuru1263,yui
yuwa1242,kld
yuwa1243,kld
yuwa1244,yau
zagh1240,zag
zaiw1241,atb
zand1248,zne
zapa1253,zro
zarm1239,dje
zays1236,zay
zayy1238,zwa
zhon1235,NA
zinz1238,zin
zoee1240,pto
zoog1238,zpq
zulg1242,gnd
zulu1248,zul
zuni1245,zun
